category,title,creator,publication_year,description
book,Chocolate Cup,Dr. Colin Dibbert,1924,Cumque fugiat sint in.
book,Brooklyn Delight,Jonathan Krajcik,2000,Nemo minus totam doloremque.
movie,Cascara Enlightenment,Ingrid Roberts,1972,Perspiciatis nihil ea quos.
book,Bluebery Bean,Elvis Murray,1989,Eum temporibus aut sit.
album,Chocolate Nuts,Fritz Glover,1971,Est illo odit in.
movie,KrebStar Mug,Boyce Keeling,1924,Sit natus sint doloribus.
book,Jacked Symphony,Leone Keebler,1928,Id expedita dolores repudiandae.
movie,The Symphony,Heath Moore,2014,Possimus nulla debitis iste.
movie,Spilt Delight,Monnie Frami,1968,Voluptas corporis delectus soluta.
movie,Dark Breaker,Tricia Rohan,1938,Veritatis est et sit.
movie,Captain's Treat,Cornelia Gleason IV,1999,Eligendi sed et rerum.
album,Brooklyn Nuts,Geoffrey Ferry,1949,Deserunt iusto nulla ipsum.
album,Wake-up Utopia,Joseph Beer,1945,Vero aut omnis non.
movie,Good-morning Choice,Lorilee O'Kon,1983,Ut magni officia excepturi.
book,Cascara Choice,Lea Stamm,1963,Et natus consequatur et.
album,Postmodern Mug,Shanti Wolf,1957,Recusandae labore esse blanditiis.
album,Blue Mug,Sean Connelly,1975,Et accusantium nesciunt porro.
book,Winter Volcano,Hubert Jenkins,1932,Id necessitatibus enim odit.
book,Hello Treat,Joselyn Pollich,1988,Necessitatibus omnis inventore labore.
movie,Wake-up Cup,Mr. Madge Buckridge,1965,Exercitationem sequi quia dignissimos.
album,Wake-up Cowboy,Vernia Huels,1938,Et nesciunt placeat animi.
movie,Reg's Equinox,Buck Erdman,1965,Consectetur voluptatem a molestias.
album,Brooklyn Choice,Ms. Cara Littel,1996,Debitis minima atque eius.
book,Brooklyn Blend,Tamela Schuppe,1931,Libero maxime nostrum consequatur.
book,Dark Volcano,Maryanna Feeney,1922,Alias quia voluptatem aut.
book,Express Level,Wynona Hahn MD,1929,Vitae et qui officia.
album,Heart Extract,Tameika Gutmann,1936,A sit enim animi.
album,Dark Been,Detra Adams,1960,Numquam et suscipit ad.
album,Reg's Been,Brett Boehm,1961,Eaque natus alias dicta.
movie,Chocolate Cake,Ms. Enriqueta Morar,1977,Vitae consequatur laboriosam dolor.
book,Express Been,Guy Kub,1980,Eum magnam deserunt aliquam.
book,Split Extract,Dewayne Quitzon DDS,2010,Dolores eum tenetur et.
book,American Light,Maria Davis DDS,1953,Sequi similique rerum eos.
movie,Chocolate Cup,Mr. Julia Reilly,1931,Eos ea qui consequatur.
album,Split Light,Bert Satterfield,1924,Delectus est tempora non.
book,Blue Nuts,Fermina Rolfson,1977,Sed quia et voluptate.
movie,KrebStar Town,Geneva Hudson Jr.,1975,Repellat sed sunt culpa.
book,Winter Light,Estella Kirlin Jr.,1999,Soluta rerum voluptates tenetur.
book,Wake-up Solstice,Kendrick Marks,1980,Ratione quod illo ipsa.
album,Heart Select,Norberto DuBuque,1990,Rerum sit ut et.
book,Bluebery Select,Miss Jody Corwin,1949,Ab et nam incidunt.
book,The ,Hilario Price III,1977,Maiores distinctio culpa rerum.
movie,Evening Treat,Alexis Ebert PhD,1919,Voluptatum consequatur natus corrupti.
movie,Veranda Equinox,Valentin Walter,1929,Qui omnis incidunt animi.
movie,Wake-up Level,Kris Schamberger,1930,Voluptatem omnis dolorem illum.
movie,Hello ,Maria McClure,2013,Non fugit molestiae sit.
album,Veranda Blend,Jay Labadie,1952,Ducimus impedit aut autem.
album,Joe Nuts,Patrica Runte,1921,Consequatur aspernatur ex quisquam.
movie,Thanksgiving Cake,Inge Kozey,1925,Odio qui iusto quos.
album,Joe Cup,Steffanie Crona,1986,Ut est magnam neque.
book,Strong Level,Tabetha Strosin MD,2013,Consequatur autem delectus velit.
movie,Melty Blend,Lilia Walter,2009,Quibusdam doloribus aut delectus.
movie,Holiday ,Mr. Zenia Bechtelar,2012,Quo quos asperiores saepe.
movie,Goodbye Select,Dr. Harry Abernathy,1965,Et dolore qui quas.
movie,Pumpkin-spice Pie,Analisa Stoltenberg DDS,1965,Nisi excepturi sed eveniet.
movie,Heart Cake,Cherie O'Hara,1943,Eum molestiae omnis quas.
album,Winter Enlightenment,Ms. Ezra Heathcote,1929,Culpa ut reiciendis minima.
album,Split Volcano,Kari Lindgren,1991,Illum aut esse vel.
album,Spilt Treat,Jeannine Kertzmann,1935,Fugit eum enim vitae.
album,The Captain's Coffee,Mr. Ailene Herzog,1992,Harum ducimus est dolor.
album,Heart Java,Noe Bechtelar MD,1980,Sint dolorem ducimus quaerat.
album,Red Cake,Hellen Stehr Sr.,2014,Earum libero rem beatae.
album,Blacktop America,Dexter Moen,2005,Illo eius blanditiis eaque.
album,Holiday Treat,Mr. Ferdinand Wiza,1928,Odit deserunt sunt maiores.
movie,Cascara Cup,Troy Emard,1935,Accusantium et nihil ipsum.
book,Thanksgiving Extract,Hortensia Kuhic,1991,Porro repudiandae nam vero.
album,Captain's Solstice,Oswaldo Hills,1961,Voluptatem asperiores laudantium labore.
movie,Winter Pie,Milan Hessel,1923,Omnis ea inventore fuga.
book,Split Nuts,Carlene Gerlach PhD,2014,Qui et provident qui.
album,Spilt America,Mr. Novella Zulauf,1953,Ut aspernatur labore minima.
book,Jacked Choice,Kellie Hoppe,1988,Aut et a quo.
album,Bluebery Town,Mrs. Malisa D'Amore,1998,Aut qui deserunt eos.
book,Veranda Symphony,Leandra Ondricka,1984,Eos odit soluta aut.
movie,Spilt Solstice,Miquel Harber,2007,Aut non et sint.
movie,Red Nuts,Jess Mosciski,1948,Quisquam molestiae perspiciatis sint.
movie,Captain's Equinox,Tyler Cremin Sr.,2014,Rem ea voluptatibus quia.
album,Reg's Level,Dr. Lynwood Cormier,1966,Dolores et velit inventore.
album,Morning Forrester,Abdul Christiansen,1957,Et adipisci earum saepe.
album,Good-morning Cake,Burl Willms,1929,Tenetur voluptatem cum quidem.
album,Dark Star,Ellsworth Reilly,1963,Nulla repellendus sit quaerat.
